turma;curso_prefixo;disciplina;turno;dia_semana;sala;professor;vagas;alunos
PM4N26/2;PM;Projeto Multimídia I;NOITE;SEG;102;FABRIZZIA BOCACCIO CINEL LACERDA;30;10
PM1N26/2;PM;Fundamentos do Design;NOITE;QUA;102;FABRIZZIA BOCACCIO CINEL LACERDA;30;30
PM1N26/2;PM;Comunicação Criativa;NOITE;TER;102;FELIPE RODRIGO BORBA DA ROSA;30;30
PM2N26/2;PM;Fotografia;NOITE;QUI;102;ALEXANDRE DAVI BORGES;30;19
PM4N26/2;PM;Efeitos Especiais;NOITE;SEX;102;FABRICIO AUGUSTO KIPPER;30;13
RD4N26/2;RD;Roteamento Avançado;NOITE;SEG;103;MARCIO POHLMANN;30;17
RD6N26/2;RD;Monitoramento, Gerenciamento e Telemetria;NOITE;QUA;103;MARCIO POHLMANN;30;10
IA2N26/2;IA;Extração e Análise de Dados;NOITE;SEX;103;LUCAS GABRIEL FERREIRA ALVES;30;8
DM2N26/2;DM;Modelagem II;NOITE;QUI;207;DEBORA IDALGO PAIM MARQUES;40;19
DM2N26/2;DM;Desenho de Moda;NOITE;QUA;206;MARIOARA GRALHA FEIJO;20;19
DM2N26/2;DM;Estudos de Materiais Texteis;NOITE;SEG;206;CRISTIANO DA CUNHA PEREIRA;40;17
DM1M26/2;DM;Desenho Básico;MANHA;SEX;206;MARIOARA GRALHA FEIJO;30;26
DM1M26/2;DM;Produção de Moda;MANHA;TER;206;NICELE DE DAVID BRANDA;40;22
DM1N26/2;DM;Desenho Básico;NOITE;SEX;206;INSTRUTOR A DEFINIR;30;21
DM1M26/2;DM;Modelagem I;MANHA;QUA;207;LIVIA ACCIOLY MENEZES DA SILVA;40;20
DM2M26/2;DM;Modelagem II;MANHA;QUI;207;DEBORA IDALGO PAIM MARQUES;40;12
DM3N26/2;DM;Confecção III;NOITE;QUI;208;LIVIA ACCIOLY MENEZES DA SILVA;40;12
DM1N26/2;DM;Modelagem I;NOITE;QUA;207;LIVIA ACCIOLY MENEZES DA SILVA;40;13
DM3N26/2;DM;Modelagem III;NOITE;SEX;207;JULIA ISOPPO PICOLI;40;13
DM4M26/2;DM;Modelagem Experimental Avançada;MANHA;TER;207;JULIA ISOPPO PICOLI;40;11
DM1M26/2;DM;Confecção I;MANHA;SEG;208;LIVIA ACCIOLY MENEZES DA SILVA;30;19
DM1N26/2;DM;Confecção I;NOITE;SEG;208;LIVIA ACCIOLY MENEZES DA SILVA;30;16
PG4N26/2;PG;Legislação e Práticas Trabalhistas;NOITE;QUI;302;SANDRO CELESTINO DA ROSA WOLLENHAUPT;30;17
DM2M26/2;DM;Confecção II;MANHA;SEX;208;DEBORA IDALGO PAIM MARQUES;30;15
DM2N26/2;DM;Confecção II;NOITE;SEX;208;DEBORA IDALGO PAIM MARQUES;30;19
PG2N26/2;PG;Matemática para Negócios;NOITE;QUI;303;MAGDA LEYSER;15;13
PG4N26/2;PG;Liderança Estratégica;NOITE;QUA;302;NEREIDA PRUDENCIO VIANNA;30;30
PG2N26/2;PG;Cultura e Clima Organizacional;NOITE;SEG;302;NEREIDA PRUDENCIO VIANNA;30;30
MK2N26/2;MK;Branding;NOITE;QUI;305;MURIEL FELTEN PINHEIRO;30;23
PG1N26/2;PG;Raciocínio Lógico;NOITE;TER;305;MAGDA LEYSER;40;40
PG2N26/2;PG;Contabilidade Empresarial;NOITE;SEX;305;Fabrício Nathanael Martha;30;27
MK2N26/2;MK;Pesquisa e Tendências de Consumo;NOITE;QUA;305;DEBORA FERREIRA COELHO;40;40
MK4N26/2;MK;Inovação e Desenvolvimento de Produtos;NOITE;SEG;303;MURIEL FELTEN PINHEIRO;30;10
PM1M26/2;PM;Fundamentos do Design;MANHA;QUA;308;FABRIZZIA BOCACCIO CINEL LACERDA;30;21
PM1M26/2;PM;Desenvolvimento Gráfico;MANHA;SEG;308;ALEXANDRE DAVI BORGES;30;9
PM5M26/2;PM;Projeto Multimídia II;MANHA;QUI;308;FABRIZZIA BOCACCIO CINEL LACERDA;20;10
PM5N26/2;PM;Projeto Multimídia II;NOITE;QUI;308;FABRIZZIA BOCACCIO CINEL LACERDA;20;13
PM1M26/2;PM;Comunicação Criativa;MANHA;TER;308;FELIPE RODRIGO BORBA DA ROSA;30;20
PM4N26/2;PM;Jogos Digitais;NOITE;TER;308;FELIPE PERUZZO MILKEWICZ;30;5
MK3N26/2;MK;Marketing do Varejo e Serviços;NOITE;SEG;305;DEBORA FERREIRA COELHO;30;23
PM2M26/2;PM;Introdução ao 3D;MANHA;QUA;309;FELIPE PERUZZO MILKEWICZ;30;18
PM2M26/2;PM;Criação de Roteiros;MANHA;SEG;309;ANAURELINO NEGRI DA COSTA SILVA;30;23
PM3M26/2;PM;Personagem 3D;MANHA;QUI;309;FELIPE PERUZZO MILKEWICZ;30;16
PM4M26/2;PM;Efeitos Especiais;MANHA;SEX;309;FABRICIO AUGUSTO KIPPER;30;3
MK3N26/2;MK;Análise e Ciência de Dados;NOITE;SEX;308;VITOR HUGO DA SILVA LOPES;20;20
IA1N26/2;IA;Fundamentos de Ciência de Dados;NOITE;QUI;309;VITOR HUGO DA SILVA LOPES;30;24
PM4M26/2;PM;Jogos Digitais;MANHA;TER;309;FELIPE PERUZZO MILKEWICZ;30;0
IA3N26/2;IA;Banco de Dados NoSQL;NOITE;TER;309;LUCAS GABRIEL FERREIRA ALVES;30;8
PM2N26/2;PM;Introdução ao 3D;NOITE;QUA;309;FELIPE PERUZZO MILKEWICZ;30;11
PM1N26/2;PM;Desenvolvimento Gráfico;NOITE;SEG;308;ALEXANDRE DAVI BORGES;30;19
PM4M26/2;PM;Projeto Multimídia I;MANHA;SEG;310;FABRIZZIA BOCACCIO CINEL LACERDA;30;5
RD6N26/2;RD;Tópicos Avançados em Redes e Segurança;NOITE;TER;310;JULIO CARNEVALE DE ALMEIDA;30;7
MK5N26/2;MK;Projeto Integrador - Consultoria Organizacional;NOITE;QUA;304;MARCELO VIANNA BATISTA;30;11
PM2N26/2;PM;Criação de Roteiros;NOITE;SEG;309;ANAURELINO NEGRI DA COSTA SILVA;30;11
RD3N26/2;RD;Automação e Programabilidade em Redes;NOITE;QUI;312;ROBERTO DOS SANTOS OLIVEIRA;30;11
MK5N26/2;MK;Métricas e Performance Digital;NOITE;TER;311;ROBERTO DOS SANTOS OLIVEIRA;30;16
IA3N26/2;IA;Metodologias e Engenharia de Requisitos;NOITE;SEX;309;MARIANA MOTTA FLECK;30;11
RD4N26/2;RD;Redes sem Fio;NOITE;TER;312;MARCIO JOEL BARTH;30;10
RD3N26/2;RD;Protocolos de Roteamento;NOITE;SEG;312;JULIO CARNEVALE DE ALMEIDA;30;11
DM5M26/2;DM;Prática Profissional: Projeto de Moda;MANHA;QUA;502;NICELE DE DAVID BRANDA;30;4
DM4M26/2;DM;Desenho Técnico Digital de Moda;MANHA;QUI;502;NICELE DE DAVID BRANDA;20;10
DM4M26/2;DM;Coleção de Moda;MANHA;SEG;502;DEBORA IDALGO PAIM MARQUES;40;13
DM3M26/2;DM;Criação de Produtos de Moda;MANHA;TER;502;MARIOARA GRALHA FEIJO;40;7
DM4N26/2;DM;Desenho Técnico Digital de Moda;NOITE;QUI;502;NICELE DE DAVID BRANDA;20;18
DM5N26/2;DM;Prática Profissional: Projeto de Moda;NOITE;QUA;502;DEBORA IDALGO PAIM MARQUES;20;8
DM4N26/2;DM;Pesquisa de Consumo e Mercado;NOITE;TER;502;DEBORA IDALGO PAIM MARQUES;40;15
DM4N26/2;DM;Coleção de Moda;NOITE;SEG;502;DEBORA IDALGO PAIM MARQUES;40;29
ADS4M26/2;ADS;Programação Full Stack;MANHA;QUI;503;ADALTO SELAU SPARREMBERGER;30;15
RD6N26/2;RD;Gestão de Riscos e Compliance;NOITE;SEX;312;ALEX SANDRE PINHEIRO SEVERO;30;9
DM4M26/2;DM;Pesquisa de Consumo e Mercado;MANHA;QUA;503;DEBORA IDALGO PAIM MARQUES;40;12
ADS6M26/2;ADS;Internet das Coisas - IoT;MANHA;TER;503;RAFAEL DE JESUS REHM;20;9
ADS1N26/2;ADS;Fundamentos Computacionais;NOITE;QUI;503;RUI GUREGHIAN SCARINCI;30;28
DM1N26/2;DM;Produção de Moda;NOITE;TER;503;NICELE DE DAVID BRANDA;40;37
IA1N26/2;IA;Probabilidade e Estatística I;NOITE;SEG;503;ALINE BRUM OTTES;30;21
ADS6N26/2;ADS;Internet das Coisas - IoT;NOITE;QUA;503;RAFAEL DE JESUS REHM;20;20
ADS4M26/2;ADS;Gestão Ágil de Projetos;MANHA;SEX;504;RUI GUREGHIAN SCARINCI;30;18
ADS5N26/2;ADS;Frameworks Web;NOITE;SEX;503;INSTRUTOR A DEFINIR;30;18
ADS3M26/2;ADS;Algoritmos e Estruturas de Dados I;MANHA;QUA;504;ADALTO SELAU SPARREMBERGER;30;11
RD4N26/2;RD;Proteção de Perímetro;NOITE;QUI;504;RICARDO BECKER;30;13
IA2N26/2;IA;Probabilidade e Estatística II;NOITE;TER;504;ALINE BRUM OTTES;30;11
DM4N26/2;DM;Modelagem Experimental Avançada;NOITE;QUA;504;NICELE DE DAVID BRANDA;40;17
PG3N26/2;PG;Precificação e Valor de Mercado;NOITE;QUI;505;Fabrício Nathanael Martha;30;23
PG3N26/2;PG;Mercados Internacionais e Negócios;NOITE;SEG;505;JACQUELINE DOS SANTOS ZAPP;30;27
PG3N26/2;PG;Logística Integrada;NOITE;TER;505;JACQUELINE DOS SANTOS ZAPP;40;40
PG1N26/2;PG;Gestão da Cadeia de Suprimentos;NOITE;QUA;505;JACQUELINE DOS SANTOS ZAPP;40;38
ADS1M26/2;ADS;Fundamentos Computacionais;MANHA;QUI;601;MAGDA LEYSER;30;30
ADS1M26/2;ADS;Lógica de Programação;MANHA;SEX;601;IVONEI DA SILVA MARQUES;32;31
ADS4N26/2;ADS;Gestão Ágil de Projetos;NOITE;SEX;504;RUI GUREGHIAN SCARINCI;30;30
PM2M26/2;PM;Experiência do Usuário e Design de Interface;MANHA;TER;601;FABRICIO AUGUSTO KIPPER;30;30
ADS1M26/2;ADS;Sistemas Operacionais;MANHA;SEG;601;RAFAEL DE JESUS REHM;30;30
ADS2M26/2;ADS;Banco de Dados I;MANHA;QUA;601;RAFAEL GASTAO COIMBRA FERREIRA;30;26
ADS2N26/2;ADS;Programação Orientada a Objetos;NOITE;QUI;601;IVONEI DA SILVA MARQUES;30;29
ADS1N26/2;ADS;Sistemas Operacionais;NOITE;SEG;601;LUCAS GABRIEL FERREIRA ALVES;30;30
PM2N26/2;PM;Experiência do Usuário e Design de Interface;NOITE;TER;601;FABRICIO AUGUSTO KIPPER;30;30
ADS2N26/2;ADS;Banco de Dados I;NOITE;QUA;601;RAFAEL GASTAO COIMBRA FERREIRA;30;33
PM2M26/2S;PM;Experiência do Usuário e Design de Interface;MANHA;SAB;601;FABRICIO AUGUSTO KIPPER;30;15
ADS3M26/2;ADS;Fundamentos de Redes de Computadores;MANHA;QUI;602;JULIO CARNEVALE DE ALMEIDA;30;7
ADS5M26/2;ADS;Arquiteturas de Computação em Nuvem;MANHA;SEX;602;INSTRUTOR A DEFINIR;30;12
ADS1N26/2;ADS;Lógica de Programação;NOITE;SEX;601;IVONEI DA SILVA MARQUES;30;34
ADS2M26/2;ADS;Desenvolvimento Web para Dispositivos Móveis;MANHA;TER;602;ROBERTO DOS SANTOS OLIVEIRA;30;30
ADS4N26/2;ADS;Programação Full Stack;NOITE;QUI;602;ROMULO REIS DE OLIVEIRA;30;21
MK4N26/2;MK;Projeto Integrador - Gestão Ágil e Inovação;NOITE;TER;602;MARIANA MOTTA FLECK;30;32
IA3N26/2;IA;Mineração de Dados e Inteligência de Negócio;NOITE;SEG;602;INSTRUTOR A DEFINIR;30;10
ADS1N26/2;ADS;Desenvolvimento de Interfaces para Web;NOITE;QUA;602;ROMULO REIS DE OLIVEIRA;30;20
ADS2M26/2;ADS;Programação Orientada a Objetos;MANHA;QUI;603;FABIO GIULIAN MARQUES;30;27
ADS3M26/2;ADS;Banco de Dados II;MANHA;SEG;603;MARCIO PAIVA DA MOTTA;30;10
ADS2M26/2;ADS;Programação Web;MANHA;SEX;603;ROBERTO DOS SANTOS OLIVEIRA;30;18
ADS3N26/2;ADS;Engenharia de Software II;NOITE;SEX;602;FABIO GIULIAN MARQUES;30;5
ADS3N26/2;ADS;Banco de Dados II;NOITE;QUI;603;RAFAEL GASTAO COIMBRA FERREIRA;30;29
IA1N26/2;IA;Manipulação e Visualização de Dados;NOITE;TER;603;Akira Borba;30;30
ADS4N26/2;ADS;Algoritmos e Estruturas de Dados II;NOITE;SEG;603;IVONEI DA SILVA MARQUES;30;20
ADS1M26/2;ADS;Desenvolvimento de Interfaces para Web;MANHA;QUA;603;ROBERTO DOS SANTOS OLIVEIRA;34;31
RD1N26/2;RD;Fundamentos de Redes de Computadores;NOITE;QUA;603;PRISCILA SCHAFHAUZER;30;28
ADS5M26/2;ADS;Projeto de Desenvolvimento I;MANHA;QUI;604;LUCIANO ZANUZ;30;12
ADS3M26/2;ADS;Desenvolvimento de Serviços e APIs;MANHA;TER;604;ADALTO SELAU SPARREMBERGER;30;11
ADS3M26/2;ADS;Engenharia de Software II;MANHA;SEX;604;MARCIO PAIVA DA MOTTA;30;6
ADS2N26/2;ADS;Programação Web;NOITE;SEX;603;ROBERTO DOS SANTOS OLIVEIRA;30;17
ADS5N26/2;ADS;Projeto de Desenvolvimento I;NOITE;QUI;604;LUCIANO ZANUZ;30;20
RD5N26/2;RD;Arquiteturas de Computação em Nuvem;NOITE;SEG;604;ERIK ROSA FILIPPINI;30;21
RD4M26/2;RD;Fundamentos de Computação em Nuvem;MANHA;SEG;604;RAFAEL GASTAO COIMBRA FERREIRA;30;19
ADS2N26/2;ADS;Desenvolvimento Web para Dispositivos Móveis;NOITE;TER;604;ROMULO REIS DE OLIVEIRA;30;31
ADS4M26/2;ADS;Algoritmos e Estruturas de Dados II;MANHA;QUA;604;MARCIO PAIVA DA MOTTA;30;21
RD4N26/2;RD;Fundamentos de Computação em Nuvem;NOITE;QUA;604;ERIK ROSA FILIPPINI;31;33
ADS1N26/2A;ADS;Fundamentos Computacionais;NOITE;SEX;604;MAGDA LEYSER;30;16
ADS1N26/2A;ADS;Lógica de Programação;NOITE;QUI;701;FABIO GIULIAN MARQUES;30;20
IA2N26/2;IA;Estruturas de Dados para Ciência de Dados;NOITE;SEG;701;VITOR HUGO DA SILVA LOPES;30;18
ADS5M26/2;ADS;Inteligência Artificial;MANHA;SEG;701;VITOR HUGO DA SILVA LOPES;30;8
ADS3N26/2;ADS;Desenvolvimento de Serviços e APIs;NOITE;TER;701;MARCIO PAIVA DA MOTTA;30;15
ADS5N26/2;ADS;Inteligência Artificial;NOITE;QUA;701;VITOR HUGO DA SILVA LOPES;30;30
RD2N26/2;RD;Comunicação de Dados;NOITE;SEX;702;MARCIO JOEL BARTH;30;9
PG4N26/2;PG;Business Intelligence e Análise Preditiva;NOITE;SEG;702;MAGDA LEYSER;30;18
ADS2N26/2A;ADS;Programação Orientada a Objetos;NOITE;QUA;702;FABIO GIULIAN MARQUES;30;9
RD3N26/2;RD;Sistemas Operacionais de Redes - Windows;NOITE;SEX;703;ERIK ROSA FILIPPINI;30;13
SEG6N26/2;SEG;Forense Computacional;NOITE;SEG;703;ALEX SANDRE PINHEIRO SEVERO;30;6
CC1N26/2;CC;Matemática para Computação;NOITE;QUA;703;ALINE BRUM OTTES;30;13
RD4N26/2;RD;Qualidade de Serviço em Redes;NOITE;SEX;704;RICARDO BECKER;30;13
ADS2N26/2A;ADS;Banco de Dados I;NOITE;QUI;704;LUCAS GABRIEL FERREIRA ALVES;30;12
RD2N26/2;RD;Sistemas Operacionais de Redes - Linux;NOITE;TER;704;THIAGO COSTA NARDON;30;19
CC1N26/2;CC;Circuitos Digitais;NOITE;SEG;704;RICARDO BECKER;30;12
MK4N26/2;MK;Produção de Conteúdo e Storytelling;NOITE;QUI;801;FABRICIO AUGUSTO KIPPER;30;12
PM3N26/2;PM;Projeto de Jogos;NOITE;SEX;801;FELIPE PERUZZO MILKEWICZ;30;5
PM3M26/2;PM;Produção de Áudio;MANHA;TER;801;ANAURELINO NEGRI DA COSTA SILVA;30;13
PM2M26/2;PM;Fotografia;MANHA;QUI;801;ALEXANDRE DAVI BORGES;30;33
PM3M26/2;PM;Animação 2D;MANHA;SEG;801;ANDRE SOUZA DA SILVA;30;13
PM3M26/2;PM;Produção de Vídeo;MANHA;QUA;801;ANAURELINO NEGRI DA COSTA SILVA;30;27
PM3M26/2;PM;Projeto de Jogos;MANHA;SEX;801;FELIPE PERUZZO MILKEWICZ;30;10
PM3N26/2;PM;Produção de Áudio;NOITE;TER;801;ANAURELINO NEGRI DA COSTA SILVA;30;12
PM3N26/2;PM;Produção de Vídeo;NOITE;QUA;801;ANAURELINO NEGRI DA COSTA SILVA;35;33
ADS3M26/2A;ADS;Ética, Cidadania e Sustentabilidade;MANHA;SAB;ONLINE;JOZILDA BERENICE CANDIDO FOGACA;50;48
ADS3M26/2S;ADS;Ética, Cidadania e Sustentabilidade;MANHA;SAB;ONLINE;ROBERTO ZANONI;90;51
MK1M26/2A;MK;Marketing Pessoal e Comunicação Empresarial;MANHA;SAB;ONLINE;CLAUDIA CECILIA SERAFINI MALLMANN;90;83
MK1M26/2S;MK;Marketing Pessoal e Comunicação Empresarial;MANHA;SAB;ONLINE;CLAUDIA CECILIA SERAFINI MALLMANN;90;60
PG5M26/2A;PG;Empreendedorismo;MANHA;SAB;ONLINE;ROBERTO ZANONI;90;77
PG5M26/2S;PG;Empreendedorismo;MANHA;SAB;ONLINE;GLAUCILENE PEDROSO TRAPP;90;39
ADS5M26/2;ADS;Qualidade de Software;MANHA;TER;ONLINE;LUCIANO ZANUZ;30;7
ADS6M26/2;ADS;Tópicos Avançados em Tecnologia;MANHA;QUI;ONLINE;RAFAEL DE JESUS REHM;20;9
DM2M26/2;DM;Design: Teoria e História;MANHA;TER;ONLINE;CRISTIANO DA CUNHA PEREIRA;40;15
DM4N26/2;DM;Cultura, Identidade e Comportamento;NOITE;SEX;ONLINE;CRISTIANO DA CUNHA PEREIRA;40;17
ADS6M26/2;ADS;Projeto de Desenvolvimento II;MANHA;SEX;ONLINE;ROBERTO ZANONI;15;8
RD3M26/2;RD;Fundamentos de DevOps;MANHA;TER;ONLINE;RAFAEL GASTAO COIMBRA FERREIRA;30;16
ADS2M26/2;ADS;Engenharia de Software I;MANHA;SEG;ONLINE;ROBERTO ZANONI;30;23
MK4N26/2C;MK;Estratégias de Marketing Digital;NOITE;SEX;ONLINE;DEBORA FERREIRA COELHO;30;27
PM5M26/2;PM;Novas Mídias;MANHA;QUA;ONLINE;INSTRUTOR A DEFINIR;40;12
DM1M26/2;DM;História da Moda;MANHA;QUI;ONLINE;CRISTIANO DA CUNHA PEREIRA;40;17
ADS6N26/2;ADS;Tópicos Avançados em Tecnologia;NOITE;QUI;ONLINE;RAFAEL DE JESUS REHM;30;14
DM4M26/2;DM;Cultura, Identidade e Comportamento;MANHA;SEX;ONLINE;CRISTIANO DA CUNHA PEREIRA;40;18
ADS5N26/2;ADS;Qualidade de Software;NOITE;TER;ONLINE;LUCIANO ZANUZ;30;17
ADS2N26/2;ADS;Engenharia de Software I;NOITE;SEG;ONLINE;MARCIO PAIVA DA MOTTA;30;20
PG5N26/2C;PG;Gamificação Empresarial;NOITE;SEX;ONLINE;SERGIO RENATO FERREIRA DECKER;30;18
DM2N26/2;DM;Design: Teoria e História;NOITE;TER;ONLINE;CRISTIANO DA CUNHA PEREIRA;40;12
DM1N26/2;DM;História da Moda;NOITE;QUI;ONLINE;CRISTIANO DA CUNHA PEREIRA;40;14
IA4N26/2;IA;Pesquisa Operacional e Otimização;NOITE;TER;ONLINE;JADER ECKERT BRASIL;30;8
MK1N26/2;MK;Gestão de Vendas;NOITE;SEG;ONLINE;ROBERTO DOS SANTOS OLIVEIRA;70;70
PG1N26/2;PG;Modelos de Negócios;NOITE;SEX;ONLINE;GABRIELA TAVOLARA;60;30
DM3M26/2;DM;Pesquisa de Tendências de Moda;MANHA;SEG;ONLINE;MARIOARA GRALHA FEIJO;40;15
MK1N26/2;MK;Marketing Estratégico;NOITE;QUI;ONLINE;NEREIDA PRUDENCIO VIANNA;70;70
ADS6N26/2;ADS;Projeto de Desenvolvimento II;NOITE;SEX;ONLINE;LUCIANO ZANUZ;15;11
RD1N26/2A;RD;Introdução à Cibersegurança;NOITE;TER;ONLINE;ALEX SANDRE PINHEIRO SEVERO;30;13
PM5N26/2;PM;Tópicos Especiais em Tecnologia e Mercado;NOITE;SEG;ONLINE;FABRICIO AUGUSTO KIPPER;40;15
RD5M26/2;RD;Projeto Integrador I;MANHA;SAB;ONLINE;MARCIO POHLMANN;20;13
RD3N26/2;RD;Fundamentos de DevOps;NOITE;TER;ONLINE;ERIK ROSA FILIPPINI;40;34
RD1N26/2;RD;Introdução à Cibersegurança;NOITE;SEG;ONLINE;RUI GUREGHIAN SCARINCI;30;35
RD6M26/2;RD;Projeto Integrador II;MANHA;SAB;ONLINE;MARCIO POHLMANN;20;7
ADS6N26/2A;ADS;Projeto de Desenvolvimento II;NOITE;SEX;ONLINE;JULIO CARNEVALE DE ALMEIDA;15;10
PM5N26/2;PM;Novas Mídias;NOITE;QUA;ONLINE;INSTRUTOR A DEFINIR;40;11
RD5N26/2;RD;Análise de Tráfego de Redes;NOITE;TER;ONLINE;MARCIO POHLMANN;30;15
MK5N26/2C;MK;Tópicos Especiais em Marketing;NOITE;QUI;ONLINE;CLAUDIA CECILIA SERAFINI MALLMANN;30;7
SEG1M26/2;SEG;Introdução à Cibersegurança;MANHA;SEG;ONLINE;ALEX SANDRE PINHEIRO SEVERO;30;11
SEG2M26/2;SEG;Introdução a Criptografia;MANHA;SAB;ONLINE;ALEX SANDRE PINHEIRO SEVERO;30;19
RD2N26/2;RD;Arquitetura de Redes e Switching;NOITE;SEG;ONLINE;THIAGO COSTA NARDON;30;12
